<?xml version="1.0" encoding="UTF-8"?>
<configuration debug="true">

    <appender name="STDOUT" class="ch.qos.logback.core.ConsoleAppender">
        <encoder class="ch.qos.logback.classic.encoder.PatternLayoutEncoder">
            <pattern>%d{yyyy-MM-dd HH:mm:ss.SSS} [%thread] %-5level %logger{36} - %msg%n</pattern>
        </encoder>
    </appender>

    <logger name="com.sandinh.paho.akka.MqttPubSub" level="INFO"/>

    <root level="INFO">
        <appender-ref ref="STDOUT"/>
    </root>
</configuration>
